set search_path to oficina;

INSERT INTO caixa (cai_data, cai_valorInicial, cai_valorFinal) VALUES
    ('2023-01-01', 1000.00, 1500.00),
    ('2023-01-02', 1200.00, 1700.00),
    ('2023-01-03', 1100.00, 1650.00),
    ('2023-01-04', 1300.00, 1800.00),
    ('2023-01-05', 1400.00, 1900.00),
    ('2023-01-06', 1250.00, 1750.00),
    ('2023-01-07', 1350.00, 1850.00),
    ('2023-01-08', 1500.00, 2000.00),
    ('2023-01-09', 1450.00, 1950.00),
    ('2023-01-10', 1600.00, 2100.00);

INSERT INTO cliente (cli_codigo, cli_nome, cli_telefone, cli_cpf) VALUES
    (1, 'João Silva', '11999999999', '12345678901'),
    (2, 'Maria Souza', '11988888888', '23456789012'),
    (3, 'Carlos Lima', '11977777777', '34567890123'),
    (4, 'Ana Santos', '11966666666', '45678901234'),
    (5, 'Paulo Oliveira', '11955555555', '56789012345'),
    (6, 'Fernanda Alves', '11944444444', '67890123456'),
    (7, 'Luiz Costa', '11933333333', '78901234567'),
    (8, 'Renata Pereira', '11922222222', '89012345678'),
    (9, 'Bruno Melo', '11911111111', '90123456789'),
    (10, 'Carla Mendes', '11900000000', '01234567890');

INSERT INTO fornecedor (for_codigo, for_razao_social, for_cnpj, for_telefone) VALUES
    (1, 'Auto Peças Ltda', '12345678000101', '1133334444'),
    (2, 'Oficina Central', '23456789000102', '1135556666'),
    (3, 'Pneus Rápido', '34567890000103', '1137778888'),
    (4, 'Motor Brasil', '45678901000104', '1139990000'),
    (5, 'Auto Elétrica Silva', '56789012000105', '1141112222'),
    (6, 'Freios e Cia', '67890123000106', '1143334444'),
    (7, 'Carro Forte', '78901234000107', '1145556666'),
    (8, 'Mecânica Total', '89012345000108', '1147778888'),
    (9, 'Peças Barato', '90123456000109', '1149990000'),
    (10, 'Peças Gerais', '01234567000110', '1151112222');

INSERT INTO funcionario (fun_codigo, fun_nome, fun_telefone, fun_cpf) VALUES
    (1, 'José Almeida', '11911112222', '12312312300'),
    (2, 'Patrícia Costa', '11922223333', '23423423400'),
    (3, 'Rafael Lopes', '11933334444', '34534534500'),
    (4, 'Juliana Moura', '11944445555', '45645645600'),
    (5, 'Ricardo Dias', '11955556666', '56756756700'),
    (6, 'Gabriela Martins', '11966667777', '67867867800'),
    (7, 'Eduardo Cunha', '11977778888', '78978978900'),
    (8, 'André Ferreira', '11988889999', '89089089000'),
    (9, 'Bruna Lima', '11999990000', '90190190100'),
    (10, 'Felipe Cardoso', '11900001111', '01201201200');

INSERT INTO peca (pec_codigo, pec_descricao, pec_valor) VALUES
    (1, 'Pneu 15"', 300.00),
    (2, 'Bateria 60Ah', 450.00),
    (3, 'Amortecedor Traseiro', 200.00),
    (4, 'Filtro de Ar', 50.00),
    (5, 'Velas de Ignição', 80.00),
    (6, 'Farol Dianteiro', 500.00),
    (7, 'Retrovisor', 120.00),
    (8, 'Disco de Freio', 250.00),
    (9, 'Pastilha de Freio', 100.00),
    (10, 'Correia Dentada', 180.00);

INSERT INTO servico (ser_codigo, ser_descricao, ser_valor) VALUES
    (1, 'Troca de Óleo', 100.00),
    (2, 'Balanceamento', 120.00),
    (3, 'Alinhamento', 150.00),
    (4, 'Revisão Completa', 500.00),
    (5, 'Troca de Filtros', 90.00),
    (6, 'Serviço de Freios', 250.00),
    (7, 'Troca de Amortecedores', 350.00),
    (8, 'Limpeza de Bicos', 180.00),
    (9, 'Troca de Pneus', 200.00),
    (10, 'Lavagem Completa', 80.00);

INSERT INTO venda (ven_codigo, ven_data, ven_valor) VALUES
    (1, '2023-01-15', 500.00),
    (2, '2023-01-16', 750.00),
    (3, '2023-01-17', 600.00),
    (4, '2023-01-18', 800.00),
    (5, '2023-01-19', 900.00),
    (6, '2023-01-20', 650.00),
    (7, '2023-01-21', 700.00),
    (8, '2023-01-22', 850.00),
    (9, '2023-01-23', 950.00),
    (10, '2023-01-24', 1000.00);

INSERT INTO veiculo (vei_codigo, cli_codigo, vei_marca, vei_modelo, vei_anoFabricacao) VALUES
    (1, 1, 'Fiat', 'Uno', '2010'),
    (2, 2, 'Volkswagen', 'Golf', '2015'),
    (3, 3, 'Chevrolet', 'Onix', '2017'),
    (4, 4, 'Ford', 'Focus', '2014'),
    (5, 5, 'Renault', 'Clio', '2012'),
    (6, 6, 'Toyota', 'Corolla', '2018'),
    (7, 7, 'Honda', 'Civic', '2016'),
    (8, 8, 'Hyundai', 'HB20', '2020'),
    (9, 9, 'Jeep', 'Renegade', '2019'),
    (10, 10, 'Peugeot', '208', '2021'),
    (11, 1, 'Nissan', 'Versa', '2013'),
    (12, 2, 'Chevrolet', 'Cruze', '2016'),
    (13, 3, 'Fiat', 'Palio', '2011'),
    (14, 4, 'Volkswagen', 'Jetta', '2019'),
    (15, 5, 'Renault', 'Sandero', '2018'),
    (16, 6, 'Ford', 'Ka', '2020'),
    (17, 7, 'Hyundai', 'Creta', '2017'),
    (18, 8, 'Toyota', 'Etios', '2014'),
    (19, 9, 'Jeep', 'Compass', '2021'),
    (20, 10, 'Fiat', 'Toro', '2022'),
    (21, 1, 'Volkswagen', 'Saveiro', '2016'),
    (22, 2, 'Chevrolet', 'Spin', '2017'),
    (23, 3, 'Honda', 'Fit', '2019'),
    (24, 4, 'Toyota', 'Hilux', '2020'),
    (25, 5, 'Fiat', 'Strada', '2021');

INSERT INTO compra (com_codigo, for_codigo, com_data, com_valor) VALUES
    (1, 1, '2023-01-01', 1000.00),
    (2, 2, '2023-01-02', 1500.00),
    (3, 3, '2023-01-03', 2000.00),
    (4, 4, '2023-01-04', 1750.00),
    (5, 5, '2023-01-05', 2250.00),
    (6, 6, '2023-01-06', 1200.00),
    (7, 7, '2023-01-07', 1800.00),
    (8, 8, '2023-01-08', 2500.00),
    (9, 9, '2023-01-09', 3000.00),
    (10, 10, '2023-01-10', 3500.00),
    (11, 1, '2023-01-11', 1000.00),
    (12, 2, '2023-01-12', 1500.00),
    (13, 3, '2023-01-13', 2000.00),
    (14, 4, '2023-01-14', 1750.00),
    (15, 5, '2023-01-15', 2250.00),
    (16, 6, '2023-01-16', 1200.00),
    (17, 7, '2023-01-17', 1800.00),
    (18, 8, '2023-01-18', 2500.00),
    (19, 9, '2023-01-19', 3000.00),
    (20, 10, '2023-01-20', 3500.00),
    (21, 1, '2023-01-21', 1000.00),
    (22, 2, '2023-01-22', 1500.00),
    (23, 3, '2023-01-23', 2000.00),
    (24, 4, '2023-01-24', 1750.00),
    (25, 5, '2023-01-25', 2250.00);

INSERT INTO despesa (des_codigo, cai_data, fun_codigo, des_valor) VALUES
    (1, '2023-01-01', 1, 100.00),
    (2, '2023-01-02', 2, 150.00),
    (3, '2023-01-03', 3, 200.00),
    (4, '2023-01-04', 4, 175.00),
    (5, '2023-01-05', 5, 225.00),
    (6, '2023-01-06', 6, 120.00),
    (7, '2023-01-07', 7, 180.00),
    (8, '2023-01-08', 8, 250.00),
    (9, '2023-01-09', 9, 300.00),
    (10, '2023-01-10', 10, 350.00),
    (11, '2023-01-01', 1, 100.00),
    (12, '2023-01-02', 2, 150.00),
    (13, '2023-01-03', 3, 200.00),
    (14, '2023-01-04', 4, 175.00),
    (15, '2023-01-05', 5, 225.00),
    (16, '2023-01-06', 6, 120.00),
    (17, '2023-01-07', 7, 180.00),
    (18, '2023-01-08', 8, 250.00),
    (19, '2023-01-09', 9, 300.00),
    (20, '2023-01-10', 10, 350.00),
    (21, '2023-01-01', 1, 100.00),
    (22, '2023-01-02', 2, 150.00),
    (23, '2023-01-03', 3, 200.00),
    (24, '2023-01-04', 4, 175.00),
    (25, '2023-01-05', 5, 225.00),
    (26, '2023-01-06', 6, 120.00),
    (27, '2023-01-07', 7, 180.00),
    (28, '2023-01-08', 8, 250.00),
    (29, '2023-01-09', 9, 300.00),
    (30, '2023-01-10', 10, 350.00),
    (31, '2023-01-01', 1, 100.00),
    (32, '2023-01-02', 2, 150.00),
    (33, '2023-01-03', 3, 200.00),
    (34, '2023-01-04', 4, 175.00),
    (35, '2023-01-05', 5, 225.00),
    (36, '2023-01-06', 6, 120.00),
    (37, '2023-01-07', 7, 180.00),
    (38, '2023-01-08', 8, 250.00),
    (39, '2023-01-09', 9, 300.00),
    (40, '2023-01-10', 10, 350.00);

INSERT INTO orcamento (orc_codigo, vei_codigo, cli_codigo, cli_cpf, cli_nome, cli_telefone, orc_dataValidade, orc_dataAprovacao, orc_valor) VALUES
    (1, 1, 1, '12345678901', 'João Silva', '11999999999', '2023-02-01', NULL, 1200.00),
    (2, 2, 2, '23456789012', 'Maria Souza', '11988888888', '2023-02-02', NULL, 1300.00),
    (3, 3, 3, '34567890123', 'Carlos Lima', '11977777777', '2023-02-03', NULL, 1400.00),
    (4, 4, 4, '45678901234', 'Ana Santos', '11966666666', '2023-02-04', NULL, 1500.00),
    (5, 5, 5, '56789012345', 'Paulo Oliveira', '11955555555', '2023-02-05', NULL, 1600.00),
    (6, 6, 6, '67890123456', 'Fernanda Alves', '11944444444', '2023-02-06', NULL, 1700.00),
    (7, 7, 7, '78901234567', 'Luiz Costa', '11933333333', '2023-02-07', NULL, 1800.00),
    (8, 8, 8, '89012345678', 'Renata Pereira', '11922222222', '2023-02-08', NULL, 1900.00),
    (9, 9, 9, '90123456789', 'Bruno Melo', '11911111111', '2023-02-09', NULL, 2000.00),
    (10, 10, 10, '01234567890', 'Carla Mendes', '11900000000', '2023-02-10', NULL, 2100.00),
    (11, 1, 1, '12345678901', 'João Silva', '11999999999', '2023-02-11', NULL, 1200.00),
    (12, 2, 2, '23456789012', 'Maria Souza', '11988888888', '2023-02-12', NULL, 1300.00),
    (13, 3, 3, '34567890123', 'Carlos Lima', '11977777777', '2023-02-13', NULL, 1400.00),
    (14, 4, 4, '45678901234', 'Ana Santos', '11966666666', '2023-02-14', NULL, 1500.00),
    (15, 5, 5, '56789012345', 'Paulo Oliveira', '11955555555', '2023-02-15', NULL, 1600.00),
    (16, 6, 6, '67890123456', 'Fernanda Alves', '11944444444', '2023-02-16', NULL, 1700.00),
    (17, 7, 7, '78901234567', 'Luiz Costa', '11933333333', '2023-02-17', NULL, 1800.00),
    (18, 8, 8, '89012345678', 'Renata Pereira', '11922222222', '2023-02-18', NULL, 1900.00),
    (19, 9, 9, '90123456789', 'Bruno Melo', '11911111111', '2023-02-19', NULL, 2000.00),
    (20, 10, 10, '01234567890', 'Carla Mendes', '11900000000', '2023-02-20', NULL, 2100.00),
    (21, 1, 1, '12345678901', 'João Silva', '11999999999', '2023-02-21', NULL, 1200.00),
    (22, 2, 2, '23456789012', 'Maria Souza', '11988888888', '2023-02-22', NULL, 1300.00),
    (23, 3, 3, '34567890123', 'Carlos Lima', '11977777777', '2023-02-23', NULL, 1400.00),
    (24, 4, 4, '45678901234', 'Ana Santos', '11966666666', '2023-02-24', NULL, 1500.00),
    (25, 5, 5, '56789012345', 'Paulo Oliveira', '11955555555', '2023-02-25', NULL, 1600.00),
    (26, 6, 6, '67890123456', 'Fernanda Alves', '11944444444', '2023-02-26', NULL, 1700.00),
    (27, 7, 7, '78901234567', 'Luiz Costa', '11933333333', '2023-02-27', NULL, 1800.00),
    (28, 8, 8, '89012345678', 'Renata Pereira', '11922222222', '2023-02-28', NULL, 1900.00),
    (29, 9, 9, '90123456789', 'Bruno Melo', '11911111111', '2023-02-28', NULL, 2000.00),
    (30, 10, 10, '01234567890', 'Carla Mendes', '11900000000', '2023-03-01', NULL, 2100.00),
    (31, 1, 1, '12345678901', 'João Silva', '11999999999', '2023-03-02', NULL, 1200.00),
    (32, 2, 2, '23456789012', 'Maria Souza', '11988888888', '2023-03-03', NULL, 1300.00),
    (33, 3, 3, '34567890123', 'Carlos Lima', '11977777777', '2023-03-04', NULL, 1400.00),
    (34, 4, 4, '45678901234', 'Ana Santos', '11966666666', '2023-03-05', NULL, 1500.00),
    (35, 5, 5, '56789012345', 'Paulo Oliveira', '11955555555', '2023-03-06', NULL, 1600.00),
    (36, 6, 6, '67890123456', 'Fernanda Alves', '11944444444', '2023-03-07', NULL, 1700.00),
    (37, 7, 7, '78901234567', 'Luiz Costa', '11933333333', '2023-03-08', NULL, 1800.00),
    (38, 8, 8, '89012345678', 'Renata Pereira', '11922222222', '2023-03-09', NULL, 1900.00),
    (39, 9, 9, '90123456789', 'Bruno Melo', '11911111111', '2023-03-10', NULL, 2000.00),
    (40, 10, 10, '01234567890', 'Carla Mendes', '11900000000', '2023-03-11', NULL, 2100.00);

INSERT INTO peca_compra (pec_codigo, com_codigo, pc_quantidade) VALUES
    (1, 1, 10),
    (2, 2, 15),
    (3, 3, 20),
    (4, 4, 25),
    (5, 5, 30),
    (6, 6, 12),
    (7, 7, 18),
    (8, 8, 22),
    (9, 9, 28),
    (10, 10, 35),
    (1, 11, 11),
    (2, 12, 14),
    (3, 13, 19),
    (4, 14, 23),
    (5, 15, 29),
    (6, 16, 32),
    (7, 17, 17),
    (8, 18, 24),
    (9, 19, 27),
    (10, 20, 33),
    (1, 21, 10),
    (2, 22, 15),
    (3, 23, 20),
    (4, 24, 25),
    (5, 25, 30),
    (6, 1, 12),
    (7, 2, 18),
    (8, 3, 22),
    (9, 4, 28),
    (10, 5, 35),
    (1, 6, 11),
    (2, 7, 14),
    (3, 8, 19),
    (4, 9, 23),
    (5, 10, 29),
    (6, 11, 32),
    (7, 12, 17),
    (8, 13, 24),
    (9, 14, 27),
    (10, 15, 33);

INSERT INTO peca_orcamento (pec_codigo, orc_codigo) VALUES
    (1, 1),
    (2, 2),
    (3, 3),
    (4, 4),
    (5, 5),
    (6, 6),
    (7, 7),
    (8, 8),
    (9, 9),
    (10, 10),
    (1, 11),
    (2, 12),
    (3, 13),
    (4, 14),
    (5, 15),
    (6, 16),
    (7, 17),
    (8, 18),
    (9, 19),
    (10, 20),
    (1, 21),
    (2, 22),
    (3, 23),
    (4, 24),
    (5, 25),
    (6, 26),
    (7, 27),
    (8, 28),
    (9, 29),
    (10, 30),
    (1, 31),
    (2, 32),
    (3, 33),
    (4, 34),
    (5, 35),
    (6, 36),
    (7, 37),
    (8, 38),
    (9, 39),
    (10, 40);

INSERT INTO peca_venda (pec_codigo, ven_codigo, pv_quantidade) VALUES
    (1, 1, 2),
    (2, 2, 3),
    (3, 3, 4),
    (4, 4, 5),
    (5, 5, 6),
    (6, 6, 7),
    (7, 7, 8),
    (8, 8, 9),
    (9, 9, 10),
    (10, 10, 11),
    (1, 9, 2),
    (2, 8, 3),
    (3, 7, 4),
    (4, 6, 5),
    (5, 10, 6),
    (6, 4, 7),
    (7, 3, 8),
    (8, 2, 9),
    (9, 1, 10),
    (10, 2, 11),
    (1, 3, 2),
    (2, 4, 3),
    (3, 5, 4),
    (4, 9, 5),
    (5, 7, 6),
    (6, 8, 7),
    (7, 9, 8),
    (8, 10, 9),
    (9, 10, 10),
    (10, 8, 11),
    (1, 7, 2),
    (2, 6, 3),
    (3, 9, 4),
    (4, 8, 5),
    (5, 2, 6),
    (6, 3, 7),
    (7, 4, 8),
    (8, 5, 9),
    (9, 6, 10),
    (10, 7, 11);

INSERT INTO servico_orcamento (ser_codigo, orc_codigo) VALUES
    (1, 1),
    (2, 2),
    (3, 3),
    (4, 4),
    (5, 5),
    (6, 6),
    (7, 7),
    (8, 8),
    (9, 9),
    (10, 10),
    (1, 11),
    (2, 12),
    (3, 13),
    (4, 14),
    (5, 15),
    (6, 16),
    (7, 17),
    (8, 18),
    (9, 19),
    (10, 20),
    (1, 21),
    (2, 22),
    (3, 23),
    (4, 24),
    (5, 25),
    (6, 26),
    (7, 27),
    (8, 28),
    (9, 29),
    (10, 30),
    (1, 31),
    (2, 32),
    (3, 33),
    (4, 34),
    (5, 35),
    (6, 36),
    (7, 37),
    (8, 38),
    (9, 39),
    (10, 40);

INSERT INTO recebimento (rec_codigo, ven_codigo, cai_data, rec_data, rec_valor) VALUES
    (1, 1, '2023-01-01', '2023-01-02', 1000.00),
    (2, 2, '2023-01-02', '2023-01-03', 1500.00),
    (3, 3, '2023-01-03', '2023-01-04', 2000.00),
    (4, 4, '2023-01-04', '2023-01-05', 1750.00),
    (5, 5, '2023-01-05', '2023-01-06', 2250.00),
    (6, 6, '2023-01-06', '2023-01-07', 1200.00),
    (7, 7, '2023-01-07', '2023-01-08', 1800.00),
    (8, 8, '2023-01-08', '2023-01-09', 2500.00),
    (9, 9, '2023-01-09', '2023-01-10', 3000.00),
    (10, 10, '2023-01-10', '2023-01-11', 3500.00),
    (11, 9, '2023-01-09', '2023-01-10', 1000.00),
    (12, 8, '2023-01-08', '2023-01-09', 1500.00),
    (13, 7, '2023-01-07', '2023-01-08', 2000.00),
    (14, 6, '2023-01-06', '2023-01-07', 1750.00),
    (15, 5, '2023-01-05', '2023-01-06', 2250.00),
    (16, 4, '2023-01-04', '2023-01-05', 1200.00),
    (17, 3, '2023-01-03', '2023-01-04', 1800.00),
    (18, 2, '2023-01-02', '2023-01-03', 2500.00),
    (19, 1, '2023-01-01', '2023-01-02', 3000.00),
    (20, 2, '2023-01-02', '2023-01-03', 3500.00),
    (21, 3, '2023-01-03', '2023-01-04', 1000.00),
    (22, 4, '2023-01-04', '2023-01-05', 1500.00),
    (23, 5, '2023-01-05', '2023-01-06', 2000.00),
    (24, 6, '2023-01-06', '2023-01-07', 1750.00),
    (25, 7, '2023-01-07', '2023-01-08', 2250.00);


INSERT INTO pagamento (pag_codigo, com_codigo, cai_data, pag_data, pag_valor) VALUES
    (1, 1, '2023-01-01', '2023-01-02', 1000.00),
    (2, 2, '2023-01-02', '2023-01-03', 1500.00),
    (3, 3, '2023-01-03', '2023-01-04', 2000.00),
    (4, 4, '2023-01-04', '2023-01-05', 1750.00),
    (5, 5, '2023-01-05', '2023-01-06', 2250.00),
    (6, 6, '2023-01-06', '2023-01-07', 1200.00),
    (7, 7, '2023-01-07', '2023-01-08', 1800.00),
    (8, 8, '2023-01-08', '2023-01-09', 2500.00),
    (9, 9, '2023-01-09', '2023-01-10', 3000.00),
    (10, 10, '2023-01-10', '2023-01-11', 3500.00),
    (11, 11, '2023-01-09', '2023-01-12', 1000.00),
    (12, 12, '2023-01-08', '2023-01-13', 1500.00),
    (13, 13, '2023-01-07', '2023-01-14', 2000.00),
    (14, 14, '2023-01-06', '2023-01-15', 1750.00),
    (15, 15, '2023-01-05', '2023-01-16', 2250.00),
    (16, 16, '2023-01-04', '2023-01-17', 1200.00),
    (17, 17, '2023-01-03', '2023-01-18', 1800.00),
    (18, 18, '2023-01-02', '2023-01-19', 2500.00),
    (19, 19, '2023-01-01', '2023-01-20', 3000.00),
    (20, 20, '2023-01-02', '2023-01-21', 3500.00),
    (21, 21, '2023-01-03', '2023-01-22', 1000.00),
    (22, 22, '2023-01-04', '2023-01-23', 1500.00),
    (23, 23, '2023-01-05', '2023-01-24', 2000.00),
    (24, 24, '2023-01-06', '2023-01-25', 1750.00),
    (25, 25, '2023-01-07', '2023-01-26', 2250.00);